{
  "score_zh.jsonl": {
    "EIR": 0.0877146430778624,
    "Precision": 0.0,
    "Recall": 0.2952380952380952,
    "ROUGELScore": 0.23774861869913053,
    "completeness": 0.43809523809523815,
    "hallucination": 0.13333333333333333,
    "irrelevance": 0.4285714285714285
  },
  "score_en.jsonl": {
    "EIR": 0.0546474358974359,
    "Precision": 0.041666666666666664,
    "Recall": 0.09659090909090909,
    "ROUGELScore": 0.1616584416338304,
    "completeness": 0.35312499999999997,
    "hallucination": 0.35416666666666663,
    "irrelevance": 0.29270833333333335
  }
}