{
  "score_zh.jsonl": {
    "EIR": 0.048330282446559056,
    "Precision": 0.0,
    "Recall": 0.23809523809523808,
    "ROUGELScore": 0.21264531393716374,
    "completeness": 0.43809523809523815,
    "hallucination": 0.028571428571428574,
    "irrelevance": 0.5333333333333333
  },
  "score_en.jsonl": {
    "EIR": 0.1249379652605459,
    "Precision": 0.0,
    "Recall": 0.1278409090909091,
    "ROUGELScore": 0.21083976373480207,
    "completeness": 0.3895833333333333,
    "hallucination": 0.29166666666666663,
    "irrelevance": 0.31875
  }
}