{
  "score_zh.jsonl": {
    "EIR": 0.029285714285714286,
    "Precision": 0.0,
    "Recall": 0.21904761904761902,
    "ROUGELScore": 0.08589719073691933,
    "completeness": 0.3904761904761904,
    "hallucination": 0.26666666666666666,
    "irrelevance": 0.34285714285714286
  },
  "score_en.jsonl": {
    "EIR": 0.12260367762128326,
    "Precision": 0.0,
    "Recall": 0.2,
    "ROUGELScore": 0.2446101883476886,
    "completeness": 0.353125,
    "hallucination": 0.41354166666666664,
    "irrelevance": 0.23333333333333334
  }
}