{
  "score_zh.jsonl": {
    "EIR": 0.03717659952285116,
    "Precision": 0.0,
    "Recall": 0.6142857142857142,
    "ROUGELScore": 0.2181034664791395,
    "completeness": 0.3904761904761904,
    "hallucination": 0.18095238095238095,
    "irrelevance": 0.42857142857142855
  },
  "score_en.jsonl": {
    "EIR": 0.045556540233959594,
    "Precision": 0.025,
    "Recall": 0.1875,
    "ROUGELScore": 0.07941812836497553,
    "completeness": 0.45729166666666665,
    "hallucination": 0.2895833333333333,
    "irrelevance": 0.253125
  }
}