{
  "score_zh.jsonl": {
    "EIR": 0.053949655910125495,
    "Precision": 0.0,
    "Recall": 0.6523809523809524,
    "ROUGELScore": 0.2677294631565527,
    "completeness": 0.5619047619047619,
    "hallucination": 0.05714285714285715,
    "irrelevance": 0.380952380952381
  },
  "score_en.jsonl": {
    "EIR": 0.06811558484476092,
    "Precision": 0.0,
    "Recall": 0.26875,
    "ROUGELScore": 0.16755496634746683,
    "completeness": 0.45729166666666665,
    "hallucination": 0.3052083333333333,
    "irrelevance": 0.2375
  }
}