{
  "score_zh.jsonl": {
    "EIR": 0.04062337047726706,
    "Precision": 0.0,
    "Recall": 0.6857142857142857,
    "ROUGELScore": 0.2506766619260205,
    "completeness": 0.7238095238095238,
    "hallucination": 0.047619047619047616,
    "irrelevance": 0.22857142857142856
  },
  "score_en.jsonl": {
    "EIR": 0.045556540233959594,
    "Precision": 0.025,
    "Recall": 0.1875,
    "ROUGELScore": 0.07941812836497553,
    "completeness": 0.45729166666666665,
    "hallucination": 0.2895833333333333,
    "irrelevance": 0.253125
  }
}