{
  "score_zh.jsonl": {
    "EIR": 0.08557644312349698,
    "Precision": 0.0,
    "Recall": 0.6523809523809524,
    "ROUGELScore": 0.25381836106169003,
    "completeness": 0.5619047619047619,
    "hallucination": 0.15238095238095237,
    "irrelevance": 0.2857142857142857
  },
  "score_en.jsonl": {
    "EIR": 0.05848443042964131,
    "Precision": 0.0,
    "Recall": 0.0875,
    "ROUGELScore": 0.1396451909713051,
    "completeness": 0.37395833333333334,
    "hallucination": 0.3052083333333333,
    "irrelevance": 0.3208333333333333
  }
}