{
  "score_zh.jsonl": {
    "EIR": 0.029285714285714286,
    "Precision": 0.0,
    "Recall": 0.21904761904761902,
    "ROUGELScore": 0.0949185104958482,
    "completeness": 0.4857142857142857,
    "hallucination": 0.3142857142857142,
    "irrelevance": 0.19999999999999998
  },
  "score_en.jsonl": {
    "EIR": 0.12260367762128326,
    "Precision": 0.0,
    "Recall": 0.2,
    "ROUGELScore": 0.27382698244645387,
    "completeness": 0.39479166666666665,
    "hallucination": 0.4302083333333333,
    "irrelevance": 0.175
  }
}